Index,Year,H0,eH0,ObsType,Reference
1,1927,625,50,O,"Lemaitre, G. 1927, Ann. of the Scientifc Society of Bruselles 47A, 49"
2,1928,460,45,O,"Robertson, H. 1928, Phil. Mag. 5, 835. (error bars estimated jph)"
3,1929.046,500,50,A,"Hubble 1929, PNAS 15, 168  (10\% error)"
4,1931.18,558,50,A,"Hubble and Humason 1931, ApJ 74, 43 (<10\% error)"
5,1931.914,290,217.5,O,"Oort 1931, BAN 6, 155."
6,1935.1,865,100,O,"Eddington, 1935, MNRAS 95, 636 (Large Number Hypothesis)"
7,1936,524,50,O,"Hubble 1936, Realm of the Nebulae (Dover)"
8,1951.08,260,135,O,"Behr 1951, Astr. Nachr. 279, 97"
9,1952.694,280,28,O,"Baade, 1954, Trans IAU 8, 397"
10,1956.3,180,36,AS,"Humason, Mayall \& Sandage 1956, AJ 61, 97 (error prob > 20%)"
11,1958,136,14,A,"Holmberg 1958, Lund. Medd Ser. II 136"
12,1958.35,75,25,AS,"Sandage 1958, ApJ 127, 513"
13,1960,100,18.5,AV,"vandenBergh 1960, Zf.Ap. 49, 198"
14,1960.27,120,22.5,AV,"vandenBergh 1960, JRASC 54, 49"
15,1960.79,125,5,O,"Sersic 1960, Zf.f. Ap. 50, 168"
16,1961,130,30,O,"McVittie, G. 1961, in {\it Fact \& Theory in Cosmology}, (New York: Macmillan)."
17,1962.5,98,15,AS,"Sandage 1961, IAU Symp 15, 359 (Problems of Extragalactic Research, G. C. McVittie, ed (New York: MacMillan))"
18,1968.164,79,12,G,"Racine 1968, JRASC 62, 327 % M87 GC's"
19,1968.43,75,17,AS,"Sandage 1968, ApJL 152, L149 % M87 GC's"
20,1970.104,95,13.5,AV,"vandenBergh 1970, Nature 225, 503"
21,1972.72,95,36,NV,"vandenBergh 1972, A\&A 20, 469. Novae"
22,1973,40,19,S,"Branch, D. \& Patchett, B. 1973, MNRAS 161, 71. % SN"
23,1974.71,60,15,S,"Kirshner, R \& Kwan, J. 1974, ApJ 193, 27. EPM on N1068 and M101"
24,1974.912,55,9,OS,"Sandage \& Tammann, 1974c, ApJ 194, 223  III. M101 Group"
25,1974.957,57,6,OS,"Sandage \& Tammann, 1974d, ApJ 194, 559   IV. Luminosity Classes"
26,1975.169,57,3,OS,"Sandage \& Tammann, 1975a, ApJ 196, 313    V. Nearby Gals"
27,1975.291,59,4,OS,"Sandage \& Tammann, 1975b, ApJ 197, 265   VI. Remote ScI's"
28,1975.5,95,13.5,AV,"vandenBergh, 1975, in Galaxies and the Universe (Vol IX) (Chicago: Chicago) p509"
29,1975.52,55,5,AS,"Sandage, 1975, in Galaxies and the Universe (Vol IX) (Chicago: Chicago) p761."
30,1976.67,41,3,O,"Teerikorpi, P. 1976, A\&A 50, 455.  Sc's"
31,1976.708,76,8,O,"Bottinelli \& Gougenheim 1976, A\&Ap 51, 275"
32,1976.875,50,4,BS,"Sandage \& Tammann, 1976, ApJ 210, 7     VII. BTF"
33,1977.175,80,8,B,"Tully \& Fisher 1977, A\&A 54, 661"
34,1977.25,54,43,O,"Noonan, T. 1977, A\&A 55, 285. spiral rotation curves"
35,1977.42,49,9,S,"Branch, D. 1977, MNRAS 179, 401"
36,1977.5,52,2,AS,"Tammann 1977, CNRS Coll. 263, 43"
37,1977.52,83,19,B,"Heidmann 1977, CNRS Coll. 263, 487"
38,1977.54,76,8,B,"Bottinelli \& Gouguenheim 1977, CNRS Coll. 263, 481"
39,1977.56,90,10,AV,"deVaucouleurs, G., Peters \& Corwin 1977, CNRS Coll. 263, 150"
40,1977.624,49,2,OS,"Visvanathan and Sandage 1977, ApJ 216, 214"
41,1977.875,110,10,O,"Lynden-Bell, D. 1977, Nature 270, 396 QSO jets"
42,1979.128,51,2,O,"Visvanathan, N. 1979, ApJ 228, 81"
43,1979.207,58,11,OK,"Kennicutt, R. 1979a, ApJ 228, 696  (HII Regions, Isophotal diameters)"
44,1979.209,60,12.5,OK,"Kennicutt, R. 1979b, ApJ 228, 704  (HII regions)"
45,1979.24,56,15,S,"Branch, D. 1979, MNRAS 186, 609."
46,1979.253,61,4,HK,"Aaronson, Mould \& Huchra 1979, ApJ 229, 1  IRTF Virgo+Uma"
47,1979.42,59,8,O,"Visvanathan, N. \& Griersmith, D. 1979, ApJ 230, 1. Virgo and luminosity classes"
48,1979.67,80,11,G,"Hanes, D 1979, MNRAS 188, 901"
49,1979.739,100,10,AV,"deVaucouleurs,1979 in Problems of the Cosmos (Rome Symposium)"
50,1979.79,100,10,AV,"deVaucouleurs \& Bollinger 1979a, ApJ 233, 433"
51,1980.125,75,15,O,"Stenning \& Hartwick, 1980, AJ 85, 101  (Sb Luminosity classes)"
52,1980.419,65,4,HK,"Mould, Aaronson \& Huchra 1980, ApJ 238, 458  (Virgo IRTF)"
53,1980.503,95,4,HK,"Aaronson \etal 1980, ApJ 239, 12   Clusters"
54,1980.75,50,8,AS,"Tammann, G., Sandage, A. \& Yahil, A. 1980, in {\it Physical Cosmology}, 1979 Les Houches Summer  School, Balian, R., Audouze, J. \& Schramm, D. eds (North Hol"
55,1981.503,55,6,OK,"Kennicutt, 1981, ApJ 247, 9 (HII Regions and Virgo)"
56,1982,50,7,AS,"Sandage, A. \& Tammann,G. 1982, in {\it Astrophysical Cosmology}, Br\""uck, Coyne \& Longairm eds, Pontifical Academy of Sciences \#48, p23."
57,1982.374,50,7,AS,"Sandage \& Tammann, 1982, ApJ 256, 339     VIII. Global Value"
58,1982.458,63,10,HK,"Tully, Mould \& Aaronson 1982, ApJ 257, 527 (Color Mag to Virgo)"
59,1982.5,71,2,R,"Visvanathan, N. 1982, Proc.ASA 4, 419. VR+I TF"
60,1982.731,95,10,AV,"deVaucouleurs 1982, Nature 299, 303"
61,1983.05,100,10,AV,"deVaucouleurs 1983, MNRAS 202, 367"
62,1983.083,82,10,HK,"Aaronson \& Mould 1983, ApJ 265, 1 (groups)"
63,1983.169,93,10,O,"Buta, R. \& deVaucouleurs 1983, ApJ 266, 1. Inner Rings"
64,1983.957,74,11,R,"Visvanathan 1983, ApJ ,275, 430. ITF"
65,1984.07,55,9,H,"Sandage \& Tammann 1984, Nature 307, 326. IRTF"
66,1984.207,91,3,HK,"Bothun, G. \etal 1984, ApJ 278, 475 (ScI's)"
67,1984.54,85,5,O,"Paturel, G. 1984, ApJ 282, 382. Sosies Long"
68,1984.56,102,8,O,"Paturel, G. 1984, ApJ 282, 382. Sosies Short"
69,1984.919,101,10,A,"deVaucouleurs \& Peters, 1984, ApJ 287, 1"
70,1985.086,97,20,S,"deVaucouleurs, G. 1985, ApJ 289, 5. Tycho's SN"
71,1985.5,50,7,AS,"Sandage \& Tammann 1985, in SN as Distance Indicators, Bartel, ed (Berlin: Springer) p1."
72,1985.5,120,20,O,"Giraud, E. 1885, A\&A 153, 125"
73,1985.502,50,7,O,"Tammann, G. \& Sandage, A. 1985, ApJ 294, 81. Infall, CMB and H"
74,1985.52,70,30,S,"Bartel, N. 1985, in SN as Distance Indicators, Bartel, ed (Berlin: Springer) p107."
75,1985.54,55,15,S,"Branch, D. 1985, in SN as Distance Indicators, Bartel, ed (Berlin: Springer) p138."
76,1985.54,52,2,AS,"Tammann, G. \& Sandage, A. 1985, ApJ 294, 81. Virgo"
77,1985.56,43,10,SS,"Cadonau, S \& T 1985,  in SN as Distance Indicators, Bartel, ed (Berlin: Springer) p151."
78,1985.58,60,0,S,"Kirshner, R. 1985, in SN as Distance Indicators, Bartel, ed (Berlin: Springer) p171."
79,1985.6,55,15,S,"Wheeler, J. C. 1985, in SN as Distance Indicators, Bartel, ed (Berlin: Springer) p200."
80,1985.64,67,4,H,"Visvanathan, N. 1985, PASAu 6, 140. Virgo"
81,1985.75,99,7,SV,"deVaucouleurs, G. \& Corwin, H. 1985, ApJ 297, 23"
82,1986,50,7,AS,"Sandage \& Tammann 1986, in Innerspace/Outerspace,  Kolb \etal eds, (Chicago: Chicago) p41."
83,1986.02,85,22.5,HK,"Huchra, J. 1986, in Innerspace/Outerspace, Kolb \etal eds., (Chicago: Chicago) p65."
84,1986.207,92,1,HK,"Aaronson \etal 1986, ApJ 302, 536"
85,1986.253,90,20,AK,"Aaronson \& Mould 1986, ApJ 303, 1"
86,1986.355,109,4,O,"deVaucouleurs, G. and Peters, W. 1986, ApJ 303, 19. Sosies"
87,1986.5,43,10,AS,"Sandage, 1986, in Luminous Stars ... p 40."
88,1986.6,99,10,AV,"deVaucouleurs 1986, in Galaxy Distances and Deviations, Madore and Tully eds (Dordrecht: Reidel) p1."
89,1986.62,60,10,S,"Wheeler \& Harkness 1986, in Galaxy Distances and Deviations, Madore and Tully eds (Dordrecht: Reidel) p45."
90,1986.64,85,15,HK,"Aaronson 1986, in Galaxy Distances and Deviations, Madore and Tully eds (Dordrecht: Reidel) p55."
91,1986.66,55,5,B,"Huchtmeier 1986, in Galaxy Distances and Deviations, Madore and Tully eds (Dordrecht: Reidel) p63."
92,1986.68,60,6,BS,"Kraan-Korteweg \etal 1986, in Galaxy Distances and Deviations, Madore and Tully eds (Dordrecht: Reidel) p65."
93,1986.7,72,3,B,"Bottinelli \etal 1986, in Galaxy Distances and Deviations, Madore and Tully eds (Dordrecht: Reidel) p73."
94,1986.72,70,5,A,"Visvanathan 1986, in Galaxy Distances and Deviations, Madore and Tully eds (Dordrecht: Reidel) p99."
95,1986.79,105,11,A,"Buta, R. \& Corwin, H. 1986, ApJS 62, 283.  Hercules distance"
96,1987.2,55,7,AS,"Tammann 1987, in Observational Cosmology, IAU Symp 124, Hewitt \etal eds (Dordrrecht: Kluwer) p151."
97,1987.22,90,10,HK,"Aaronson 1987, in Observational Cosmology, IAU Symp 124, Hewitt \etal eds (Dordrrecht: Kluwer) p187."
98,1987.417,67,10,D,"Dressler  Dn-sig 1987, ApJ 317, 1"
99,1987.5,92,30,HK,"Huchra 1987, Texas Symposium on Relativistic Astrophysics"
100,1987.52,50,10,AS,"Tammann 1987,  ""     ""              """
101,1987.54,69,14,N,"Pritchet \& vandenBergh 1987, ApJ 318, 507, (Virgo Novae)"
102,1987.669,60,15,S,"Branch 1987, ApJL 320, 23 (1987A)"
103,1988.1,66,10,A,"Rowan-Robinson, M. 1988, Space Science Rev. 48, 1"
104,1988.333,56,12,NS,"Sandage \& Tammann  1988, ApJ 328, 1  (Virgo Novae)"
105,1988.458,48,12,O,"Sistero, R 1988, ApLC 27, 41."
106,1988.5,65,22.5,S,"Bartel, N. 1988, in Impact of VLBI on Astrophysics and Geophysics, Ried \& Moran, eds, IAU Symp 129, pg 175."
107,1988.54,85,10,R,"Pierce \& Tully 1988, ApJ 330, 579"
108,1988.556,90,5,A,"Tully, R. B. 1988, Nature 334, 209."
109,1988.622,42,11,AS,"Sandage, 1988, ApJ 331, 583"
110,1988.624,56,13,AS,"Sandage 1988, ApJ 331, 605"
111,1988.626,57,1,BS,"Kraan-Korteweg, Cameron \& Tammann 1988, ApJ 331, 620"
112,1988.79,75,5,D,"Terndrup, D. 1988, PASP 100, 1226"
113,1988.874,89,10,O,"Melnick, Terelvich \& Moles 1988, MNRAS 235, 297"
114,1988.92,88,35,HK,"Huchra 1988, in Extragalactic Distance Scale, van den Bergh and Pritchet, eds, p 257."
115,1988.94,55,15,D,"Terndrup, D. 1988 in Extragalactic Distance Scale Symp"
116,1988.96,70,20,AV,"vandenBergh, S. 1988, in Extragalactic Distance Scale Symp, p375"
117,1988.98,57,10,S,"Branch, D.  1988, in   ""               ""      ""    """
118,1989,75,15,L,"Lehar, Hewitt \& Roberts 1989, in Gravitational Lenses, Moran \etal eds (Berlin: Springer) p84."
119,1989.02,105,35,L,"Vandereist \etal 1989, in Gravitational Lenses, Moran \etal eds (Berlin: Springer) p90."
120,1989.207,90,15,HK,"Aaronson \etal 1989, ApJ 338, 654"
121,1989.5,72,3,B,"Gouguenheim, L. 1989, in The World of Galaxies (Berlin: Springer)"
122,1989.55,67,8,AV,"vandenBergh 1989, A\&A Reviews 1, 111"
123,1989.708,85,5,D,"Pierce, ApJL 344, L57."
124,1989.874,88,23,F,"Tonry, Ajar \& Luppino 1989, ApJL 346, L57"
125,1990.04,24,11.5,O,"McHardy \etal 1990, MNRAS 242, 215"
126,1990.054,68,8,B,"Fouque, Bottinelli, Gouguenheim \& Paturel 1990, ApJ 349, 1"
127,1990.2,73,10,A,"Visvanathan 1990, Aust J Phys 43, 189"
128,1990.472,87,12.5,PK,"Jacoby, G., Ciardullo, R. \& Ford, H. 1990, ApJ 356, 332"
129,1990.5,71,3.5,B,"Gouguenheim, L. et al. 1990, in The Quest for Fundamental Constants in Cosmology, J. Audouze \& J. Tran Thanh Van, eds.  Editions Frontieres, pg 3."
130,1990.944,45,3,AS,"Sandage \& Tammann 1990 ApJ 365, 1"
131,1991,70,10,A,"Rowan-Robinson, M. 1991, in Observational Tests of Cosmological Inflation, T. Shanks, \etal eds. (Dordrecht: Kluwer), p 161."
132,1991.02,84,10,A,"Pierce, M. 1991, in Observational Tests of Cosmological Inflation, T. Shanks, \etal eds. (Dordrecht: Kluwer), p 173"
133,1991.04,52,2,AS,"Tammann, G. 1991, in Observational Tests of Cosmological Inflation, T. Shanks, \etal eds. (Dordrecht: Kluwer), p 179."
134,1991.06,69,14,A,"Pritchet, C. 1991, in Observational Tests of Cosmological Inflation, T. Shanks, \etal eds. (Dordrecht: Kluwer), p 199."
135,1991.223,50,17,L,"Rhee, G. 1991, Nature 350, 211"
136,1991.387,82,7,F,"Tonry, J. 1991, ApJL 373, L1"
137,1991.5,52,2,A,"Burbidge, G. 1991, in {\it Physical Cosmology}, pg 55, A. Blanchard \etal eds (Gif Sur Yvette: Editions Frontieres)"
138,1991.52,55,15,Z,"Birkinshaw, M. 1991, in Physical Cosmology, A. Blanchard \etal eds (Gif Sur Yvette: Editions Frontieres)"
139,1991.554,92,19,B,"Fukugita, M. \etal 1991, ApJ 376, 8"
140,1991.753,45,12,Z,"Birkinshaw, Hughes \& Arnaud 1991, ApJ379, 466"
141,1991.97,87,12,PK,"Ciardullo \etal 1991, ApJ 383, 487"
142,1992.25,90,10,A,"Tully, R. B. 1992, in PNAS from Irvine meeting of March 1992."
143,1992.297,85,10,AK,"Huchra, J. 1992, Science 256, 321"
144,1992.5,55,25,L,"Refsdal in Gravitational Lenses, Kayser \etal eds (Berlin: Springer) p61."
145,1992.6,80,12,A,"Jacoby, G. \etal 1992, PASP 104, 599"
146,1992.75,44,3,O,"Duemmler, R. 1992, A\&A 264, 1.  (Luminosity Function) DM_virgo = 31.7"
147,1992.78,63,3,O,"Duemmler, R. 1992, A\&A 264, 1.  (Luminosity Function) DM_virgo = 30.9"
148,1992.919,77,8,O,"Lauer and Postman 1992, ApJL 400, L47"
149,1992.943,45,9,SS,"Saha, A. \etal 1992, ApJL 401, L7"
150,1993.002,43,11,OS,"Sandage 1993, ApJ 402, 3  Angluar Diameters"
151,1993.5,44,12,OS,"Sandage 1993, in Observational Cosmology, Chincarini \etal eds (PASP Vol 51) pg 3. Gal Diams"
152,1993.52,90,10,A,"Tully 1993, in Observational Cosmology, Chincarini \etal eds (PASP Vol 51) pg 18."
153,1993.54,58,10,S,"Schmidt, Kirshner \& Eastman 1993, in Observational Cosmology, Chincarini \etal eds (PASP Vol 51) pg 30"
154,1993.6,86,18,P,"Mendez \etal A\&A 275, 534"
155,1993.72,47,5,SS,"Sandage 1993, ApJ 415, 1 (SnI in V)"
156,1993.722,89,6,AV,"deVaucouleurs 1993, ApJ 415, 10"
157,1993.724,85,4,GV,"deVaucouleurs 1993, ApJ 415, 33 (GC Specific Freqiencies)"
158,1993.777,75,8,G,"McMillan \etal 1993, ApJ 416, 62"
159,1994.002,55,17,Z,"Birkinshaw \& Hughes 1994, ApJ 420, 33"
160,1994.169,53,8,SS,"Sandage \etal 1994, ApJL 423, L13"
161,1994.278,52,9,SS,"Saha \etal 1994, ApJ 425, 14"
162,1994.291,81,16,S,"Schmidt \etal 1994, AJ 107, 1444  SnII 1992am"
163,1994.669,73,7,S,"Schmidt \etal 1994, ApJ 432, 42  SnII"
164,1994.823,80,17,TK,"Freedman, W. \etal 1994, Nature 371, 757"
165,1995,67,7,S,"Riess, Press and Kirshner 1995, ApJL 438, L17. SN Ia LCS"
166,1995.002,52,8,SS,"Saha \etal 1995, ApJ 438, 8.  NGC5253"
167,1995.25,58,6,Z,"Rephaeli 1995, Ann. Rev A\&A 33, 541, SZ Summary"
168,1995.44,55,7,AS,"Sandage, A. \& Tammann, G. 1995, ApJ 446, 1.  Virgo"
169,1995.5,50,5,AS,"Sandage 1995, in The Deep Universe, Saas-Fee \#23, Binngeli and Buser, eds, (Berlin: Springer) p189."
170,1995.55,60,4,S,"Fisher, A. Branch, D., Hoflich, P. \& Khokhlov, A. 1995, ApJL 447, L73."
171,1995.61,71,27.5,Z,"Herbig \etal 1995, ApJL 449, L5. SZ to Coma"
172,1995.637,80,17,TK,"Mould \etal 1995, ApJ 449, 413"
173,1995.686,69,8,A,"Tanvir, N. \etal 1995, Nature 377, 27.  Leo HST"
174,1995.791,80,17,TK,"Kennicutt, Freedman \& Mould, 1995, AJ 110, 1476"
175,1995.804,70,13,O,"Della Valle \& Livio 1995, ApJ 452, 704"
176,1995.86,57,2.5,SV,"VandenBergh, S. 1995, ApJL 453, L55"
177,1995.917,78,11,G,"Whitmore, B. \etal 1995, ApJL 454, L73"
178,1995.93,70,9,AK,"Freedman, W. 1995, in {\it Science with the Hubble Space Telescope II}, P. Benvenuti, D. Macchetto \& E. Schreier, eds. Pg 3."
179,1995.94,55,10,AS,"Tammann, G. \etal 1995, in {\it Science with the Hubble Space Telescope II}, P. Benvenuti, D. Macchetto \& E. Schreier, eds. Pg 9."
180,1995.95,69,8,O,"Tanvir, N. 1995, in {\it Science with the Hubble Space Telescope II}, P. Benvenuti, D. Macchetto \& E. Schreier, eds. Pg 38."
181,1995.96,78,11,G,"Sparks, W. \etal 1995, in {\it Science with the Hubble Space Telescope II}, P. Benvenuti, D. Macchetto \& E. Schreier, eds. Pg 43."
182,1995.976,81,8,OV,"VandenBergh, S. 1995, Science 270, 1942"
183,1995.99,66,6,S,"Riess, A., Press, W. \& Kirshner, R. 1995, BAAS 187, 1712."
184,1996,50,2,AS,"Tammann, G. \& Sandage, A. 1996in IAU Symp 168, {\it Examining the Black Body and Diffuse Background Raduation}, M. Kafatos, ed. (Dordrecht: Kluwer) p163."
185,1996.02,77,12,AV,"VandenBergh, S. 1996, in IAU Symp 168, {\it Examining the Black Body and Diffuse Background Raduation}, M. Kafatos, ed. (Dordrecht: Kluwer) p157. Wierd limits"
186,1996.05,56,5,OS,"Sandage, A. 1996, AJ 111, 1.  Spiral Luminosity Functions"
187,1996.07,55,5,OS,"Sandage, A. 1996, AJ 111, 18. M31+M101 look alikes."
188,1996.1,55,10,AS,"Tammann, G., Labhardt, L., Federspiel, M."
189,1996.143,84,4,PK,"Ford, H. \etal 1996, ApJ 458, 455"
190,1996.15,76,8,O,"Zasov 1996, AstronLett 22, 71  Theory, Disk Stability"
191,1996.17,67,9,S,"Hoeflich, P. \& Khokhlov, A. 1996, ApJ 457, 500. SN Theory"
192,1996.22,57,4,SS,"Sandage, A. \etal 1996, ApJL 460, L15. N4639 + six  Ia's"
193,1996.25,65,8,S,"Hendry \& Kanbur 1996, in Mapping, Measuring and Modeling the Universe, Coles \etal eds, ASP \#94, p357."
194,1996.26,55,3,S,"Schaefer, B. 1996, ApJL 460, L19. SN 1960F"
195,1996.333,57,4,S,"Schaefer, B. 1996, AJ 111, 1668 SN1937C"
196,1996.375,40,10,Z,"Lasenby \& Jones 1997, in CDS, Livio \etal eds (Cambridge: Cambridge) p76."
197,1996.377,70,5,R,"Giovanelli, R. 1997, in  in CDS, Livio \etal eds (Cambridge: Cambridge) p113"
198,1996.379,60,3,SS,"Saha, A. 1997, in CDS, Livio \etal eds (Cambridge: Cambridge) p128"
199,1996.38,74,11,TK,"Bureau, M., Mould, J. \& Staveley-Smith, L. 1996, ApJ 463, 60.  TF to Fornax"
200,1996.381,54,4,SS,"Tammann, G. \& Federspeil, M. 1997,  in CDS, Livio \etal eds (Cambridge: Cambridge) p137."
201,1996.383,73,10,TK,"Mould \etal 1997, in CDS, Livio \etal eds (Cambridge: Cambridge) p7158"
202,1996.385,73,10,TK,"Freedman, W. Madore, B. \& Kennicutt, R. 1997,  in CDS, Livio \etal eds (Cambridge: Cambridge) p7171"
203,1996.387,82,13,G,"Whitmore, B. 1997,  in CDS, Livio \etal eds (Cambridge: Cambridge) p7254"
204,1996.389,81,6,F,"Tonry, J. 1997,  in CDS, Livio \etal eds (Cambridge: Cambridge) p7297*"
205,1996.44,62,9,GS,"Sandage, A. \& Tammann, G. 1996, ApJ 464, L51 GCLF Virgo"
206,1996.444,85,11.5,L,"Grogin, N. \& Narayan, R. 1996, ApJ 464, 92 (0957+561)"
207,1996.48,60,10,A,"Gouguemheim, L. \etal 1996, Rev Mod Astr 9, 127."
208,1996.5,55,10,AS,"Tammann, G. 1996, Rev Mod Astr 9, 139."
209,1996.53,68,7,S,"Ruiz La Puente, P. 1996,  ApJ 465 83. % SnI Theory"
210,1996.554,56,3,SS,"Saha, A. \etal 1996, ApJ 466, 55. N4536."
211,1996.58,73,7,2,"Eastman, R., Schmidt, B. \& Kirshner, R. 1996, ApJ 466, 911. %    SnII"
212,1996.667,69,8,A,"Amendola A&A 312,353. %   summary"
213,1996.68,72,11,G,"Forbes, D. AJ 112, 954. %  GCLF N4365"
214,1996.78,57,5,S,"Branch, D. \etal 1996, ApJ 470, 7. % SnI"
215,1996.84,63,12,L,"Kundic, Turner \etal 0957 G Lens"
216,1996.89,51,13.5,L,"Keeton and Kochanek, Astroph199611216v2 PG1115+080"
217,1996.91,58,9,O,"Sofue \etal 191996, PASJ 48, 657 (CO TF relation)"
218,1996.92,55,5,SS,"Sandage, A. \& Tammann, G. in {\it Critical Dialogues in Cosmology}, N. Turok, ed (Singapore: World Scientific) p., Astroph199611170"
219,1996.92,73,10,AK,"Freedman. W. 1997, in {\it Critical Dialogues in Cosmology}, N. Turok, ed (Singapore: World Scientific) p92., Astroph199612024"
220,1996.92,63,3,S,"Hamuy, M. \etal 1996, AJ 112, 2398.  SnI"
221,1996.93,65,8,GK,"Forbes, D., Brodie, J. \& Huchra, J. 1996,  AJ 112, 2448, GCLF N5846"
222,1996.93,55,10,AS,"Tammann, G. 1996, PASP 108, 1083.  A Discourse."
223,1996.94,72,7.5,AV,"Van den Bergh, S. 1996, PASP 108, 1091"
224,1996.95,70,10,Z,"Kobayashi \etal PASJ 48, L107  SZ- Summary"
225,1996.96,98,11.5,L,"Grogin, N. \& Narayan, R. 1996, ApJ 473, 570 (0957+561 erratum)"
226,1996.97,72,12,H,"Malhotra, Spergel and Rhodes ApJ 473, 687"
227,1996.98,58,7.5,SS,"Saha, A. \etal 1996, ApJ 486, 1, 1997. N4639 SnI"
228,1997,55,10,AS,"Sandage \& Tammann 1997, Critical Dialogues in Cosmology, N   Turok, ed (Singapore: World Scientific) p130."
229,1997.01,93,11,O,"Chiba, M. \& Yoshi, Y. 1997, in Origin f Matter and Evolution of galaxies, Kajino \etal eds, World Scientific, p137. Disk Structure"
230,1997.02,70,7,D,"Hjorth & Tanvir , N.1997, ApJ 482, 68.  Astroph9701025"
231,1997.02,67,8,D,"Hjorth & Tanvir 1997, ApJ 482, 68.  Astroph9701025"
232,1997.03,68,6,G,"Baum, W. \etal AJ in press GCLF to Coma (also BAAS28, 1288)"
233,1997.04,73,8,TK,Madore \etal Fornax  BAAS 28 1420
234,1997.05,67,9,S,"Hoeflich, P. \etal SnI Theory BAAS 189 451"
235,1997.06,64,21,L,"Schechter, P. \etal Grav lens 1997 ApJ 475, 85 1115+080"
236,1997.08,81,6,F,"Tonry, J. \etal SBF 1997 ApJ 475 399"
237,1997.09,80,8.5,SV,"vandenBergh, S. 1997, in {\it The Evolution of the Universe}, G. B\""orner \& S. Gottl\""ober, eds. (New York: Wiley) pg 35."
238,1997.1,74,5,S,"Ellis, G. F. R. 1997, in {\it The Evolution of the Universe}, G. B\""orner \& S. Gottl\""ober, eds. (New York: Wiley) pg 50."
239,1997.11,82,10,B,"Yasuda, Fukugita & Okamura BTF in Virgo   ApJS 108, 417"
240,1997.13,68,8,T,"Shanks, T. preprint"
241,1997.137,62,7,L,"Falco, E. \etal ApJ in press. Astroph9702152. 0957 lens"
242,1997.15,92,12,O,"Bizyaev, D. Astronom. Zhurnal 74, 172 (1997) Spiral Disks"
243,1997.17,69,5,R,"Giovanelli, R. \etal ApJ 477, L1  ITF"
244,1997.18,75,6,D,"Gregg, M. 1997, New Astron 1, 363. Astroph 9703031 Leo/Coma Fund Plane"
245,1997.19,69,8,A,"Kochanek, C. Astroph 9703059  SnI + new Cephs"
246,1997.21,74,14,rK,"Sakai, S. \etal 1997, ApJ 478, 49  Leo  RGB"
247,1997.22,54,14,Z,"Myers, S., Baker, J., Readhead, A. Leitch, E. \& Herbig, T. 1997, ApJ 485, 1. % Astroph9703123, OVRO preprint 97-6. SZ in A478, A2142 and A2256"
248,1997.225,68,3,SI,"Kirshner, R. 1997,  Irvine  PNAS   SN I and II"
249,1997.23,70,10,AK,"I Freedman, W. 1997,   Irvine  PNAS   Summary, Ho Key Project Team"
250,1997.235,67,3,CI,"Bond, R. 1997, Irvine CMB Spectrum"
251,1997.24,65,10,LI,"Narayan, R. 1997, Irvine  PNAS Lenses"
252,1997.245,60,10,ZI,"Carlstrom, J. 1997, Irvine PNAS SZ"
253,1997.25,58,7.5,A,"Hoyle, F., Burbidge, G. \& Narlikar, J. 1997, MNRAS 286, 173 summary"
254,1997.306,65,16,L,"Oscoz, A. \etal ApJL 479, L92.  0957 G Lens"
255,1997.333,52,6,O,"Goodwin, Gribbin & Hendry Astroph 9704289. Diameters"
256,1997.36,78,50,Z,"Holzapfel, W. \etal ApJ 480, 449. SZ on A2163"
257,1997.368,52,14,L,"Kundic \etal Astroph9704109, PG1115+080"
258,1997.371,53,8.5,L,Courbin \etal A&A in press. Astroph9705093. PG1115+080 Lens
259,1997.376,66,5,S,"Wheeler, J. \& H\""oflich, P. 1998, Rev.Mex A\&A Conf. Series 7, 73.  65.73 km/s/Mpc ..."
260,1997.384,71,11,F,"Thomsen, B., Baum, W., Hammergren, M. & Worthy, G. 1997, ApJL 483, L37. Coma SBF"
261,1997.4,55,5,B,"Theureau, G. 1997, J. Astron. Francais 55, 57. B Band TF"
262,1997.41,44,7,Z,"Rephaeli, Y. \& Yankovich, D. 1997, ApJL 481, L55. Relativistic Corrections to SZ lower H0"
263,1997.42,60,2,O,"Witasse, O. \& Paturel, G. 1997, A\&A 321, 10. Sosies. Internal error only"
264,1997.436,70,10,TK,"Freedman 1997, in 18th Texas Symposium, Olinto, Frieman and Schramm eds (Singapore: World Scientific)  (Astroph9706072)"
265,1997.5,53,5,B,"Theureau, G. \etal 1997, A\&A 322, 730. via magnitudes"
266,1997.5,57,5,B,"Theureau, G. \etal 1997, A\&A 322, 730. via diamters"
267,1997.625,50,20,C,"Hancock \etal Astroph9708254, CMB Fluct MNRAS 294, L1 (1998)"
268,1997.659,89,10,F,"Lauer \etal 1998, ApJ 499, 577. Astroph9708252. Far field H0, clusters"
269,1997.661,82,8,F,"Lauer \etal 1998, ApJ 499, 577.   ""             ""        ""   BCG's"
270,1997.667,53,3,O,"Sciama 1997, MNRAS 289,945 (decaying neutrino theory)"
271,1997.689,61,9,L,Williams & Schechter Astroph9709059 Lensing
272,1997.7,66,12,S,"Iwamoto, K. \& Nomoto, K. 1997, in IUA Symp 183, Cosmological Paramters and the Evolution of the Universe.. SN Theory"
273,1997.75,56,7,SS,"Sandage & Tammann, Hipparcos+SnI preprint"
274,1997.8,57,5,B,"Theureau, G. \etal 1997, in IAU Symp 183."
275,1997.944,50,3,S,"Lanoix, 1998, A\&A 331, 421.  Astroph9712137"
276,1997.958,65,10,S,"Hendry, M. 1997, Observatory 117, 329. Summary of ""How Far Can You GHo"" Workshop."
277,1998.021,60,10,S,"Branch 1998, ARA\&A 36, 17. Astroph9801065"
278,1998.051,47,19,Z,"Hughes & Birkinshaw 1998, ApJ501,1. Astroph9801183 Cl0016+16"
279,1998.074,65,17,B,"Watanabe, Ichikawa & Okamura, 1998, ApJ 503, 553. Astroph9801256"
280,1998.081,66,14.5,L,"Goicoechea, Mediavilla, Oscoz, Serra and Buitrago Astroph9801315"
281,1998.092,82,16,R,"Tully, R. B. 1999, IAU Symp 183 {\it Cosmological Parameters and the Evolution of the Universe}, K. Sato ed. p 54. TF (Astroph9802027)"
282,1998.1,30,12.5,CM,"Lineweaver, C. \& Barbosa, D. 1998, A\&A 329, 799. %  CBP Acoustic Fit"
283,1998.113,47,6,CM,"Webster, A., Bridle, S., Hobson, M., Lasenby, A., Lahav, O. \& Rocha, G. 1998, ApJL 509, L65.    Astroph9802109 CMB Accoustic peak, Omega = 1 assumed"
284,1998.14,42,10.5,Z,"Grainge, K. 1998, in Observational Cosmology with New Radio Surveys, Bremer \etal eds (Dordrecht: Kluwer) p 83. SZ to A2218 and A1413"
285,1998.158,58,11,CM,"Lineweaver, C. \& Barbosa, D. 1988 ApJ 496, 624. % Astroph9706077"
286,1998.16,62,7,L,"Wambsganss, J. 1998, in Observational Cosmology with New Radio Surveys, Bremer \etal eds (Dordrecht: Kluwer) p 317. SZ to A2218 and A1413"
287,1998.169,57,7,BS,"Federspiel, Tammann & Sandage  ApJ 495, 115 Virgo Distance from 21-cm Linewidths"
288,1998.194,60,11,O,"Salaris \& Cassisi MNRAS 298, 166. Astroph9803103 Red Giant Tip Calibration"
289,1998.2,72,12,TK,"Madore \etal 1998, ApJ in press Implications paper."
290,1998.2,56,3,B,"Theureau, G. 1998, A\&A 331, 1. B Band TF HST Cal"
291,1998.2,51,4,B,"Theureau, G. 1998, A\&A 331, 1. B Band TF Hipparcos Cal"
292,1998.212,57,8,O,Narasimha & Mazumdar Astroph9803195 Ceph to M100 + Virgo z
293,1998.214,58,18.5,L,Impey \etal Astroph9803207  Lens PG1115+080
294,1998.22,70,10,Z,"Cen, R.  ApJL 498, L99. Astroph9803250  SZ summary"
295,1998.223,57,7,AS,"Tammann, G. 1999, IAU Symp 183 {\it Cosmological Parameters and the Evolution of the Universe}, K. Sato ed. p 31. Astroph9803255"
296,1998.231,74,7.5,L,Chartas \etal Astroph9803285  0957 x-ray mass  q=0 assumed
297,1998.25,60,6,S,"Tripp R. 1998, A\&A 331, 815"
298,1998.344,57,7,AS,"Tammann, G. in 8th Marcel Grossmann Symp  Astroph9805013"
299,1998.345,62,6,G,"Della Valle, Kissler-Pattig, Danziger, J. \& Storm, J. 1998, MNRAS 299, 267 % Astroph9805024 GCLF calib of SN Ia"
300,1998.37,68,5,A,"Nevalainen & Roos, M. 1998, Preprint. A&A in press. Astroph9805136"
301,1998.382,79,7,A,"Luri, X. Gomez, A., Torra, J., Figueras, F. \& Mennessier, M. 1998, A\&A 335, 81L. Astroph9805215"
302,1998.406,61,5,O,"Baum, W. 1998, AJ 116, 31. Preprint.  Based on Coma distance and ages."
303,1998.444,77,8,O,"Harris, W. Durrell, P., Pierce, M. \& Secker, J. 1998, Nature 395, 45. Astroph 9806153 (RG in Virgo)"
304,1998.5,55,10,L,"Fassnacht, C. \etal in IAU Colloquium 164, (PASP 144) J. Zensus \etal eds, p311. CLASS1608+656. large errors"
305,1998.55,65,3,S,"Suntzeff, N. \& Phillips, M. 1998, NOAO Newsletter \#54, 2."
306,1998.6,87,11,F,"Jensen, J., Tonry, J. \& Luppino, G. 1999, ApJ 510, 71. Astroph 9807326.  SBF to Hydra and Coma"
307,1998.621,55,8,S,"Schaefer, B. 1998, ApJ 509, 80. Astroph9808157  SN1974G in N4414"
308,1998.632,49,29,Z,"Cooray, A. 1998, A\&A 339, 623. Astroph9808186. SZ+Lensing combined constaints."
309,1998.667,79,12,D,"Pierce, M. \& Tripoli, R. in NOAO Newsletter \#55, Sept 98. Dn-sigma to Coma."
310,1998.67,47,14,Z,"Furuzawa, A. \etal 1998, ApJ 504, 35. SZ on CL0016+16"
311,1998.678,70,18,AT,"Madore, B. \etal 1998, Nature 395, 47. (Fornax as a cluster)"
312,1998.681,71,13,L,"Tonry, J. \& Franx, M. ApJ in press. Astroph 9809064 0957+561 dispersion"
313,1998.714,82,8,G,"Grillmair, C., Forbes, D. Brodie, J. \& Elson, R. 1998, AJ in press (Astroph9809210) Fornax Globs"
314,1998.756,77,4,R,"Tully R. 1998, in Post-Hipparcos Cosmic Candles, Caputo \& Heck, eds. Astroph9809394."
315,1998.775,60,10,O,"Paturel, G. \etal 1998, A\&A 339, 6771. Hipparcos + sosies Astroph9810155"
316,1998.85,53,33,Z,"Andreani \etal 1999, ApJ 513, 23. Astroph9811093, SZ to RXJ0658-5557.  Assumed q_0=1/2"
317,1998.869,64,4,S,"Suntzeff, N. \etal 1999, AJ 117, 1175. Astroph9811205, SN1998bu"
318,1998.883,42,9,O,"Collier, S., Horne, K., Wanders, I. \& Peterson, B. 1999, MNRAS 302, L24. Astroph9811278 AGN reverberation mapping"
319,1998.9,61,14,L,"Romanowsky \& Kochanek 1998, Astroph9805080. Revised number 0957+561"
320,1999,64,4,S,"Jha, S. \etal 1998, BAAS SN1998bu"
321,1999.02,73,8,AK,"Freedman, W., Mould, J., Kennicutt, R., \& Madore, B. 1999, IAU Symp 183 {\it Cosmological Parameters and the Evolution of the Universe}, K. Sato ed. p 17."
322,1999.04,58,11,OC,"Lineweaver, C. 1999, IAU Symp 183 {\it Cosmological Parameters and the Evolution of the Universe}, K. Sato ed. p 98."
323,1999.07,69,8,R,"Shanks, 1999 in Harmonizing Cosmic Distance Scales in a Post-Hipparcos Era, eds D. Egret and A. Heck, ASP Conference Series   TF  Astroph9901335"
324,1999.095,61,6,S,"Meikle \& Hernandez, 1999, JIIAS. astro-ph/9902056 SN1998bu"
325,1999.155,44,7,Z,"Komatsu, E. \etal 1999, ApJL, in press.  Astroph9902351, SZ on RXJ1347-1145"
326,1999.21,59,5,S,"Tammann, G. \& Reindl 1999, in Assergi Supernova Workshop, Astroph9903220"
327,1999.218,77,26.5,L,"Bernstein, G. \& Fischer, P. 1999, AJ 118, 14. Astroph9903274, 0957 model+cluster"
328,1999.253,69,16,L,"Biggs, A., Browne, I., Helbig, P., Koopmans, L. Wilkinson, P. \& Perley, R. 1999, MNRAS 304, 349. B0218+357 time delay"
329,1999.258,65,5,A,"Turner, M. in {\it The Proceedings of Particle Physics and the Universe (Cosmo-98)}, D. O. Caldwell, ed. (AIP, Woodbury, NY)  Astroph9904051."
330,1999.288,57,19.5,ZC,"Grainge, K., Jones M.,Pooley, G., Saunders, R., Edge, A. \& Kneissl, R. 2002, MNRAS 333, 318. Astroph 9904165 SZ with Ryle telescope A1413, Assumed SCDM"
331,1999.29,46,12.5,Z,"Saunders, R. \etal 1999, MNRAS in press. Astroph9904168 SZ on A773"
332,1999.3,63,7,L,"Myers, S. 1999, PNAS 96, 4236. Summary, 4 lens #'s averaged by JPH."
333,1999.317,62,5,S,"Tripp, R. \& Branch, D. 1999, ApJ  in press. Astroph9904347"
334,1999.322,56,6,OS,"Tammann, G., Sandage, A. \& Reindl, B. 1999, in 19th Texas Symp., Astroph 9904360. Distance of Virgo"
335,1999.325,52,4.5,B,"Ekholm, T., Teerikorpi, P/, Theureau, G., Hanski, M., Paturel, G.,  Bottinelli, L. \& Gouguenheim, L. 1999, A\&A in press. Astroph9904372 B Band TF"
336,1999.328,60,2,SS,"Saha, A., Sandage, A., Tammann, G., Labhardt, L., Macchetto, F. \& Panagia. N. 1999, ApJ in press. Ast9904389 SN1989B"
337,1999.35,65,2,S,"Filippenko, A. \& Riess, A. 1999, in  ""Type Ia Supernovae: Theory & Cosmology"" J. Niemeyer \& J. Truran, eds.   astro-ph/9905049"
338,1999.352,72,6,O,"Richtler, T. \etal 1999, in Science in the VLT Era and Beyond., Astroph9905080.  Fornax distance"
339,1999.382,70,5.5,AK,"Freedman, W. 1999, in ""Particle Physics and the Universe, (Singapore: World Scientific) Ast9905222"
340,1999.403,79,7,S,Jensen \etal   SBF Far field e-mail
341,1999.409,68,10,A,"Lineweaver, C. 1999, Science 284, 1503."
342,1999.41,73,12,Z,"Mason and Myers, S. 19.04D  AAS Meeting"
343,1999.419,78,11,DK,"Kelson, D. \etal KP AAS  FP"
344,1999.42,71,8,BK,Sakaim S. \etal KP AAS   TF
345,1999.43,69,7,OK,"Ferrarese, L. \etal KP AAS PopII (SBF)"
346,1999.44,68,5,SK,"Gibson, B. \etal KP AAS SNIa"
347,1999.445,68,6,AK,Mould \etal KP AAS Combination + Fe corr
348,1999.445,71,6,AK,Mould \etal KP AAS Comb no Fe corr
349,1999.446,79,7,S,Tonry \etal AAS
350,1999.447,60,12,Z,Reese \etal 46.03 AAS Meeting  SCDM
351,1999.447,63,12,Z,Reese \etal 46.03              Open U
352,1999.447,67,12,Z,Reese \etal 46.03              Lambda U
353,1999.448,69,15,L,"Chae, K.-H. 1999, ApJ in press. astroph9906179 0957 lens"
354,1999.458,64,7,S,"Jha, S. \etal ApJS in press. SN1998bu Astroph9906220"
355,1999.464,65,8,A,"Rowan-Robinson, M. 1999,  astroph 9906277. Summary"
356,1999.516,63,4,S,"Phillips, M. \etal 1999, AJ in press. Ast9907052"
357,1999.52,77,7,F,"Tonry, J. \etal 1999, Astroph9907062, ApJ in press."
358,1999.538,74,7,F,"Blakeslee, J \etal 1999 in Cosmic Flows workshop."
359,1999.556,59,7.5,LC,"Fassnacht \etal, 1999, ApJ 527, 498. Astroph9907257.  B1608+656"
360,1999.557,68,13,LC,"Koopmans, L. \& Fassnacht, C. 1999, ApJ 527, 513. for M=0.3 L=0.7"
361,1999.56,74,17.5,L,Chae at Gravitational lensing conf. 0957
362,1999.56,55,14.5,L,Chae at Gravitational lensing conf. 0957
363,1999.561,71,6,L,"Lovell, J. \etal at Gravitational Lensing Conf PKS1830-211"
364,1999.562,69,11.5,L,"Wilkott, T \& Cas.... at Gravitational Lensing Conf PKS1830-211"
365,1999.575,65,1,S,"Wang, Y. 2000,  ApJ 536, 531. Astroph 9907405,"
366,1999.618,68,5,SK,"Gibson, B. \etal 2000, ApJ 529,723. Astroph 9908149, KP SN Result"
367,1999.669,66,6,O,"Hendry, M. \& Rauzy, S. 1999,in Cosmic Flows, Courteau \etal eds."
368,1999.672,69,6,FK,"Ferrarese, L. \etal. 2000, ApJ 529,745. Astroph9908192. Pop II indicators"
369,1999.675,71,7,AK,"Freedman, W. 1999, Astroph 9909076, in Schramm Memorial Volumes."
370,1999.689,72,4,S,"Richtler, T. \& Drenkhahn, G. 1999, in Cosmology and Astrophysics, Kundt W., van de Bruck C. (Eds.) Astoph9909117. SN and Fornax"
371,1999.692,71,6,AK,"Ferrarese, L. \etal 1999, in Cosmic Flows, Courteau \etal eds. Astroph 9909134."
372,1999.706,78,10,DK,"Kelson, D. \etal 2000, ApJ 529,768. astroph9909222. KP FP + Dn-sig"
373,1999.708,60,17.5,L,"Williams, L. \& Saha, P. 2000,in {\it Gravitational Lensing: Recent Progress and Future Goals}, T. Brainerd, J. Hewitt \& C. Kochanek eds. % Astroph9909248. Pi"
374,1999.711,71,8,TK,"Sakai, S. \etal 2000, ApJ 529,698. Astroph9909269 KP TF"
375,1999.715,71,6,AK,"Mould, J. \etal 2000, ApJ 529,786. Astroph9909260 KP summary  with out FE"
376,1999.717,68,6,AK,"Mould, J. \etal 2000, ApJ 529,786. Astroph9909260 KP summary  with FE"
377,1999.733,69,16,L,"Biggs, A. \etal 1999, in Gravitational Lensing: Recent    Progress and Future Goals', T. G. Brainerd and C. S. Kochanek (eds.). astro-ph/9909377, B0218+357."
378,1999.803,74,4,S,"Blakeslee, J. \etal 1999, ApJL 527, L73. Ast9910340."
379,1999.808,57,3,O,"Ekholm, T. \etal 1999, A\&A in press. Ast9910387. SN + Cepheids nearby"
380,1999.846,77,8,R,"Tully, R. B. \& Pierce, M. 2000, ApJ 533, 744. Ast9911052."
381,1999.847,81,10,H,"Rothberg, B., \etal 1999, ApJ in press.  Ast9911053."
382,1999.866,69,9,G,"Kavelaars, J., Harris, W., Hanes, D., Hesser, J. and Pritchet, C. 2000, ApJ 533, 125. Coma E's Ast9911206."
383,1999.87,61,11,L,"Williams, L. \& Saha, P. 2000, AJ 119, 439. % Ast9911231. Pixellated lenses"
384,1999.88,58,5,SS,"Tammann, G., Parodi, B \& Reindl, B. 2000, in IAU Coll. 176, Ast9911284."
385,1999.92,63,21,Z,"Reese, E. \etal 2000, ApJ 533, 38. Ast9912071.  SZ to MS0451-03 and CL0016+16.  Assume Lambda cosmology"
386,1999.97,55,3,O,"Sandage, A. 1999, ApJ 527, 479."
387,1999.98,70,12,O,"Novosyadlyj, B. \etal A\&A submitted. Ast9912511. LSS Theory"
388,2000.01,50,19.5,Z,"Patel, S., Joy, M., Carlstrom, J., Holder, G., Reese, E., Gomez, P., Hughes, J., Grego, L. \& Holzapfel, W. 1999, BAAS 195, 64.03.  % AAS Mtg Abell 1995"
389,2000.167,70,23.5,O,"Novosyadlyj, B., Durrer, R., Gottl\""ober, S., Lukash, V. \& Apunevych, S 2000, Gravitation \& Cosmology, Supplement 5, in press. Ast0002522. LSS Theory"
390,2000.267,59,6,SS,"B. R. Parodi, A. Saha, A. Sandage, G. A. Tammann, 2000, ApJ in press  astro-ph/0004063"
391,2000.286,71,7,A,"Fukugita, M. 2000, Ast0005069.  Summary"
392,2000.35,85,5,O,"Willick, J. \& Batra, P. 2001, ApJ, 548, 564. Ast0005112. IRAS Flow model"
393,2000.354,92,5,O,"Willick, J. \& Batra, P. 2001, ApJ, 548, 564. Ast0005112. Phenom Flow model"
394,2000.4,40,13,O,"Qin, Y.-P. Modern Physics Letters A, 14, 1073. Ast0005578."
395,2000.436,67,2,A,"Gott, J. R. III, Vogeley, M., Podariu, S. \& Ratra, B. 2001, ApJ 549, 1. Ast0006103."
396,2000.508,70,4,S,"Hernandez, M. \etal 2000, MNRAS in press. ast0007022. SN1998bu"
397,2000.524,71,7,AK,"Freedman, W. Physics Reports, 2000, Vol. 333-334,  13."
398,2000.53,52,11,L,"Burud, I. \etal 2000, ApJ 544, 117.   astro-ph/0007136. B1600+434"
399,2000.535,65,8,A,"Primack, J. 2000, Ast0007187. at 4th International Symposium on Sources and Detection of Dark Matter in the Universe (DM 2000), Marina del Rey, California, D."
400,2000.586,59,33,ZC,"Mauskopf, P. et al. 2000, ApJ 538, 505. SZ to A1835 Omega_m=1, Omega_L=0 assumed"
401,2000.591,65,2,S,"Filippenko, A. \& Riess, A. 2000, in Second Tropical Workshop on Particle Physics and Cosmology: Neutrino and Flavor Physics, ed. J. F. Nieves (New York: Ameri"
402,2000.63,68,10,O,"Tegmark, M., Zaldariagga, M. \& Hamilton, A. 2000, Astroph0008167. Concordance fit CMB+LSS"
403,2000.678,62,18,LC,"Schechter, P. 2000, in ASP conf series. {\it New Cosmology and the Values of the Fundamental Parameters}, IAU Symp 201,ed. A. Lazenby \& A. Wilkinson,  Ast0009"
404,2000.681,71,20.5,OC,"Durrer, R. \& Novosyadlyj, B. 2001, MNRAS 324, 560. Ast0009057, LSS++"
405,2000.794,62,5,CC,"Padmanabhan, T. \& Sethi, S. 2000, ApJL submitted. Astroph0010309. CMB"
406,2000.814,58,6,SS,"Tammann, G., Sandage, A. \& Saha, A. 2003, in {\it A Decade of HST Science}, eds. M. Livio, K. Noll, & M. Stiavelli, (Cambridge: CUP), p222. Ast0010422. SN Sum"
407,2000.852,71,6,LC,"Giovi, F.\& Amendola, L. 2001, MNRAS 325, 1097. Ast0011109. Empty Beam"
408,2000.853,64,4,LC,"Giovi, F.\& Amendola, L. 2001, MNRAS 325, 1097. Ast0011109. Filled Beam"
409,2000.87,69,16,L,"Biggs, A., Browne, I., Muxlow, T. \& Wilkinson, P. 2001, MNRAS in press. Ast0011142.  B0218+357"
410,2000.88,76,1,F,"Jensen, J., Tonry, J., Thompson, R., Ajhar, E., Lauer, T., Rieke, M., Postman, M., Liu, M., 2001, ApJ 550, 503. AST0011288. Distant SBF"
411,2000.89,73,2,F,"Jensen, J., Tonry, J., Thompson, R., Ajhar, E., Lauer, T., Rieke, M., Postman, M., Liu, M., 2001, ApJ 550, 503. AST0011288. More Distant SBF"
412,2000.892,70,9,AC,"Bond, J. R. et al. 2001, ASP Conf.,  Ast 0011378."
413,2000.906,73,7,SK,"Gibson, B, \& Stetson, P. 2001, ApJL 547, L103. Ast0011478. NGC4527 SN1991T."
414,2000.91,73,7,SK,"Gibson, B. \& Brook, C. 2001, in ""New Cosmological Data and the Values of the Fundamental Parameters,"" ASP Conf. ed Lazenby, A. \& Wilkinson, A.  Ast0011567."
415,2000.926,63,6,A,"Rowan Robinson, M. 2001, ast0012026. in 'IDM2000: 3rd International Workshop on Identification of Dark Matter', ed N.Spooner (World Scientific)"
416,2000.928,70,5,A,"Sharpe, J. et al, MNRAS in press. ast 0012027, flow field"
417,2000.95,72,8,AK,"Freedman, W., Madore, B., Gibson, B., Ferrarese, L., Kelson, D., Sakai, S.,  Mould, J.,  Kennicutt, R., Ford, H. Graham, J., Huchra, J., Hughes, S., Illingwort"
418,2000.968,71,10.5,A,"Fukugita, M. 2001, hep-ph0012214."
419,2000.984,79,4,C,"Lahav, O. 2001, in AU Symposium 201, New Cosmological Data and the Values of the Fundamental Parameters'. ast0012475"
420,2001.029,66,12.5,ZC,"Mason, B., Myers, S. \& Readhead, A. 2001, ApJL 555, L11.  Ast0101169. (Lambda CDM)"
421,2001.029,64,12.5,ZC,"Mason, B., Myers, S. \& Readhead, A. 2001, ApJL 555, L11.  Ast0101169. (Standard CDM)"
422,2001.03,66,12.5,ZC,"Mason, B., Myers, S. \& Readhead, A. 2001, in press in Proc. 9th Marcel Grossman Mtg. (World scientific).  Ast0101170. (Lambda CDM)"
423,2001.03,64,12.5,ZC,"Mason, B., Myers, S. \& Readhead, A. 2001, in press in Proc. 9th Marcel Grossman Mtg. (World scientific).  Ast0101170. (Standard CDM)"
424,2001.098,70,7,A,"Turner, M. 2001, PASP in press. Ast0102057."
425,2001.128,73,4,H,"Watanabe, M., Yasuda, N. \& Itoh, N. 2001, ApJ in press.Ast0102260."
426,2001.143,68,6,A,"Krauss, L. 2001, in Third International Conference on the Identification of Dark Matter, York, England (World Scientific) Ast0102305."
427,2001.164,63,7,I,"Allen, P. \& Shanks, T. 2004, MNRAS 347, 1101. ast0102447. (original value in 2001 was 58+/-7)"
428,2001.179,59,7.5,ZC,"Jones, M. et al 2001, MNRAS in press. Ast0103046. SZ+SCDM"
429,2001.181,65,7.5,ZC,"Jones, M. et al 2001, MNRAS in press. Ast0103046. SZ+LCDM"
430,2001.379,61,15,CT,"Netterfield, C. \etal 2001, ApJ sub.  Ast0104460. BOOMERANG CMB constraints."
431,2001.42,69,4,F,"Tonry, J. 2001, ast0105413, in {\it Astrophysical Ages and Timescales}, ASP Conf. Series, von Hippel, T., Manset, N. \& Simpson, C. eds."
432,2001.447,69,5.5,L,"Patnaik, A. \& Narasimha, D. 2001, MNRAS in press. Ast0106104. B1422+231"
433,2001.532,65,6,O,"Hendry, M., Rauzy, S., Goodwin, S. \& Gribbin, J. 2001, MNRAS 324, 717.  Sosies -- diameters+rotation curves"
434,2001.551,59,6,SS,"Saha, A., Sandage, A., Tammann, G., Dolphin, A., Christensen, J., Panagia, N. \& Macchetto, F. D. ApJ in press. Ast0107391"
435,2001.6,71,8,F,"Liu, M. \& Graham, J. 2001, ApJL in press. Ast0107471 . N4874"
436,2001.64,60,10,H,"Tutui, Y., Sofue, Y., Honma, M., Ichikawai, T., Wakamatsu, K., 2001, PASJ in press. Ast0108462. CO-IR TF"
437,2001.796,67,8,A,"Feast, M. 2001, in ``Variable Stars 2001"" to appear in Odessa Astronomical Publications 14, Astroph0110360."
438,2001.847,48,4,LC,"Gil-Merino, R., Wisotski, L. \& Wambsganss, J. 2001,A\&A in press. HE1104-1805 lens, poor time delay."
439,2001.847,62,4,LC,"Gil-Merino, R., Wisotski, L. \& Wambsganss, J. 2001,A\&A in press. HE1104-1805 lens, poor time delay. M/L=C+shear L=0, O=1"
440,2001.858,73,11,F,"Blakeslee, J., Lucey, J., Tonry, J., Hudson, M., Narayanan, V. \& Baris, B. 2002, MNRAS 330, 443. Ast111183."
441,2001.922,73,11,A,"Blakeslee, J. 2002, in A New Era in Cosmology, ASP conference series, eds. T. Shanks \& N. Metcalfe  astro-ph/0112358."
442,2001.925,58,16,LC,"Cardone, V., Capozziello, S. \& Piedipalumbo, E. 2002, A\&A in press. Ast112025. PG1115, B1422"
443,2001.943,65,8,LC,"Burud, I. et al 2002, A\&A 383, 71. HE2149-2745. astro-ph/0112225"
444,2001.954,77,4,LC,"Wucknitz, O. 2002, A New Era in Cosmology, ASP conf. ser. B0218+357  astro-ph/0112330"
445,2001.964,72,8,A,"Lineweaver, C. 2002, in COSMO-01. astro-ph/0112381"
446,2001.98,57,2,AS,"Tammann, G. et al Astroph112489"
447,2002.046,55,12,2,"Hamuy, M. \& Pinto, P. 2002, ApJL 566, L63. Astro-ph/0201279"
448,2002.08,72,7,AK,"Freedman, W. 2002, astroph0202006."
449,2002.086,91,-10,T,"Russell, D. 2002, ApJ 565, 681. JPH errors. TF on ScI galaxy diameters."
450,2002.089,44,9,LC,"Winn, J., Kochanek, C., Mcleod, B., Falco, E., Impey, C. \& Rix, H.-W.  2002, ApJ in press. PKS 1830-211, astroph0201551"
451,2002.143,72,-4,A,"Erdogdu, P.,Ettori, S. \& Lahav, O. 2003, MNRAS 340, 573. astro-ph/0202357"
452,2002.259,48,5.5,L,"Kochanek, C. 2002, ApJ in press. Flat Rotation Curves. astroph0204043"
453,2002.261,71,6,L,"Kochanek, C. 2002, ApJ in press. Constant M/L. astroph0204043"
454,2002.263,62,7,L,"Kochanek, C. 2002, ApJ in press. Average. astroph0204043"
455,2002.355,71,8,L,"Hjorth, J. et al. 2002, ApJL 572, L11. astro-ph/0205124. RXJ0911.4+0551"
456,2002.366,72,8.5,A,"Plionis, M. 2002, 1st Aegean Cosmology Summer School, astro-ph/0205166."
457,2002.389,73,8,LC,"Kochanek, C. 2002, ApJ in press. astro-ph 0205319. Constant M/L"
458,2002.391,51,5,LC,"Kochanek, C. 2002, ApJ in press. astro-ph 0205319. DM Halo M/L"
459,2002.395,60,15.5,ZC,"Reese, E. et al. 2002, ApJ in press, astro-ph0205350. O_M=0.3 O_L=0.7"
460,2002.453,78,7,P,"Ciardullo, R. et al. 2002, ApJ 577. 31. astro-ph 0206177"
461,2002.5,65,6,T,"Hendry, M., Rauzy, S., Goodwin, S. \& Gribbin, J.  2001, MNRAS 324, 717. KLUN diam+line widths."
462,2002.594,57,2,SS,"Tammann, G. \& Reindl, B. 2002, the proceedings of the XXXVIIth Moriond Astrophysics Meeting ""The Cosmological Model"", Les Arcs, France, March 16-23, 2002, ast"
463,2002.597,56,5,LC,"Courbin, F., Saha, P. \& Schechter, P. 2002, in ""Dark Matter \& Gravitational Lensing,"" eds. Courbin, Minniti) (Berlin: Springer-Verlag). astro-ph0208043. Assu"
464,2002.645,63,17,LC,"Fassnacht, C., Xanthopoulos, E., Koopmans, L. \& Rusin, D. 2002, ApJ in press,astroph0208420.  B1608+656."
465,2002.655,66,6,O,"Terry, J., Paturel, G. \& Ekholm, T. 2002, A\&A 393, 57. Sosies."
466,2002.663,51,9,LC,"Burud, I. et al. 2002, A\&A 391, 481. SBS1520+530"
467,2002.918,59,9.5,LC,"Treu, T. \& Koopmans, L., 2002, MNRAS 337, L6. (PG1115+080)"
468,2002.949,71,6,F,"Mei, S., Scodeggio, M., SDilva, D. \& Quinn, P. 2003, A\&A in press. Astroph0212262. SBF to N564 \& N7619."
469,2002.973,72,14,CC,"Slosar, A. \et al 2003, MNRAS in press. Astroph0212497. VSA-CMB"
470,2003.04,81,10,2,"Hamuy, M. 2003, in Carnegie Observatories Astrophysics Series, Vol. 2: Measuring and Modeling the Universe, ed. W. L. Freedman (Cambridge: Cambridge Univ. Pres"
471,2003.055,67,4,S,"Hoeflich, P., Gerardy, C., Linder, E. \& Marion, H. 2003, in {\it Stellar Candles}, eds. Gieren et al. Lecture Notes in Physics. astro-ph/0301334"
472,2003.122,71,3.5,OC,"Spergel, D. et al. ApJ in press. WMAP   astro-ph/0302209"
473,2003.155,70,3,OC,"Contaldi, C., Hoekstra, H. \& Lewis, A. 2003, PRL submitted. Astroph0302435"
474,2003.177,56,4,O,"Alves, D. 2003, in ``Standard Candles for the Extragalactic Distance Scale.'' astro-ph/0303035"
475,2003.215,57,2,AS,"Tammann, G., Sandage, A. \& Reindel, B. 2003, A\&A in press. Astroph0303378."
476,2003.218,70,10,S,"Perlmutter, S. \& Schmidt, B. 2003,  astroph 0303428."
477,2003.239,77,20,Z,"Battistelli, E. et al 2003, ApJL 598, L75. astro-ph/0303587. SZ on Coma."
478,2003.25,66,5,A,"Melchiorri, A., Bode,P., Bahcall,N. \& Silk,J. 2003, ApJL 586, L12. ArXiv0212276."
479,2003.3,72,8,AK,"Freedman, W. Kennicutt, R., Mould, J. \& Madore, B. 2003, in {\it A Decade of Hubble Space Telescope Science}, M. Livio, K. Noll \& M. Stiavelli, eds. (Cambrid"
480,2003.376,57,15,2,"Leonard, D., Kanbur, S., Ngeow, C. \& Tanvir, N. 2003, ApJ in press. (EPM) Astroph0305259. SN1999em, NGC1637."
481,2003.376,59,11,2,"Leonard, D., Kanbur, S., Ngeow, C. \& Tanvir, N. 2003, ApJ in press. (SCM) Astroph0305259. SN1999em, NGC1637."
482,2003.39,77,17,ZC,"Saunders et al 2003, MNRAS 341,937. SZ in A773 SCDM"
483,2003.39,85,18.5,ZC,"Saunders et al 2003, MNRAS 341,937. SZ in A773 LCDM"
484,2003.422,48,3,LC,"Kochanek, C. \& Schechter, P. 2003, in Carnegie Symp. \#2, astroph0306040,  lenses isothermal, flat rotation curves."
485,2003.422,71,3,LC,"Kochanek, C. \& Schechter, P. 2003, in Carnegie Symp. \#2, astroph0306040,  lenses constant M/L."
486,2003.431,61,18,ZC,"Reese, E. 2003, Carnegie Symposium V2. astroph0306073"
487,2003.45,75,6.5,LC,"Koopmans, L., Treu, Y., Fassnacht, C, Blandford, R. \& Surpi, G. 2003, ApJ in press. astroph0306216. B1608+656"
488,2003.648,72,7,AK,"Freedman, W. \& Turner, M. 2003, Rev. Mod. Phys. 75, 1433. Astroph0308418."
489,2003.728,58,3.5,ZC,"Sereno, M. 2003, A\&A 412, 341. astroph0309591"
490,2003.74,72,8,S,"Filippenko, A. 2004, in {\it The Early Universe and Observational Cosmology,} ed. N. Breton, J. L. Cervantes-Cota \& M. Salgado (New York: Springer-Verlag), Le"
491,2003.825,70,3.5,CC,"Tegmark, M. et al. 2004, ApJ in press. astroph0310723. SDSS+WMAP"
492,2003.9,68,2,OC,"Allen, S., Schmidt, R. \& Bridle, S. 2003, MNRAS 346, 593."
493,2003.94,78,6,LC,"Wucknitz, O., Biggs, A. \& Browne, I. 2004, MNRAS 349, 14. astroph0312263.  B0218+357"
494,2004.04,71,3,S,"Altavilla, G. et al. 2004, MNRAS in press. astroph0401273. SN I."
495,2004.109,31,18,ZC,"Grego, L. et al. 2004, ApJ 608, 731. astroph0402139. SZ on MS1137.5+6625"
496,2004.141,73,7,CC,"Rebolo, R. et al, 2004, astro-ph/0402466.  CMB fit"
497,2004.15,69,8,CK,"Sakai, S., Ferrarese, L., Kennicutt, R. \& Saha, A. 2004, ApJ 608, 42. astroph0402499 Ceph Fe/H recal"
498,2004.347,70,5,LC,"York, T. et al. 2005, MNRAS 357, 124. astro-ph/0405115. CLASS B0218+357"
499,2004.35,57,14.5,OC,"Odman, C., Hobson,M., Lasenby, A. \& Melchiorri, A. 2004, IJMP-D 13, 1661. astro-ph/0405118. LSS+SN"
500,2004.387,69,8,ZC,"Schmidt, R., Allen, S. \& Fabian, A. 2004, MNRAS 352, 1413. SZ astro-ph/0405374"
501,2004.409,67,5,ZC,"Fosalba, P. \& Szapudi, I. 2004, ApJL in press. WMAP reanalysed. astroph0405589"
502,2004.42,75,8,LC,"Koopmans, L. \& Blandford, R. 2004, Physics Today June issue. B1608+656/"
503,2004.5,73,3,OC,"Lahav, O. \& Liddle, A. 2004, in Review of Particle Physics. S. Eidelman et al. (Particle Data Group), Physics Letters B592, 1. astro-ph/0406681"
504,2004.518,56,23,LC,"Tortora, C., Piedipalumbo, E. \& Cardone, V. 2004, MNRAS in press. astro-ph/0407134."
505,2004.52,49,8.5,LC,"Tortora, C., Piedipalumbo, E. \& Cardone, V. 2004, MNRAS in press. astro-ph/0407134."
506,2004.55,72,7,AK,"Freedman, W. \& Turner, M. 2004, in {\it Measuring and Modeling the Universe}, pg. 79. The Carnegie Observatories Centennial  Symposia (Cambridge: Cambridge)."
507,2004.584,67,10.5,ZC,"Udomprasert, P., Mason, B., Readhead, A. \& Pearson, T. 2004, ApJ in press. Astroph04080005"
508,2004.68,78,6,LC,"Schechter, P. 2004, in {\it IAU Symposium No. 225: The Impact of Gravitational Lensing on Cosmology,} Y. Mellier and G. Meylan, eds. astro-ph/0408338."
509,2004.7,64,8,LC,"Jakobsson, P., Hjorth, J., Burud, I., Letawe, G., Lidman, C. \& Courbin, F. 2004, A\&A in press. FBQ0951+2635 lens. Astroph04094444"
510,2004.91,70,7,CC,"Chu, M. et al. ApJ in press. Asroph0411737. CMB fits."
511,2004.92,76,6,LC,"Brynjolfsson, A. astroph0411666. Lensing in Plasma Cosmo"
512,2005.58,73,5,S,"Riess, A., Li, W., Stetson, P., Filippenko, A.V., Jha, S., Kirshner, R., Challis, P., Garnavich, P. \& Chornock, R. 2005, ApJ 627, 579. (N3370 + N3982)"
513,2005.6,74,2,OC,"Sanchez, A. et al. 2005, MNRAS 366, 189. Astroph0507583 2dF"
514,2005.9,60,7,A,"Paturel, P \& Teerikorpi, P. A\&A 443, 883."
515,2005.95,77,9,ZC,"Bonamente, M. et al. ApJ in press. Astroph0512349 38 Cluster SZ"
516,2005.97,63,5,SS,"Tammann, G. 2006, Rev. Mod. Astron. 19, 1. Astroph0512584."
517,2006.2,72,6,SC,"Wang, X., Wang, L., Pain, R., Zhou, X. \& Li, Z. 2006, ApJ in press. astroph0603392 109 SN"
518,2006.218,73,3,CC,"Spergel, D. et al. 2006, ApJ in press. Astroph0603449. WMAP 3rd year"
519,2006.228,62,5,SS,"Sandage, A., Tammann, G.A., Saha, A., Reindl, B., Macchetto, F. \& Panagia, N. 2006, ApJ 653, 843. HST Ia Summary. Astroph0603647."
520,2006.25,74,5,S,"Ngeow, C. \& Kanbur, 2006, ApJL 642, L29. Astrop0603643."
521,2006.267,71,2,OC,"Huetsi, G. 2006, Astroph0604129. SDSS PS"
522,2006.39,70,2,SC,"Carneiro, S., Pigozzo, C., Borges, H. \& Alcaniz, J. astroph0605607."
523,2006.45,74,4,SC,"Peirani, S \& de Freitas Pacheco, J. 2006, in Ann Mtg French Society A\&A, A. Barrett \etal eds. p 293."
524,2006.5,72,6,S,"Wang, X. \etal 2006, ApJ 645, 488. Ia's and dust"
525,2006.6,76,9,Z,"Bonamente, M. \etal  2006, ApJ 647, 25.  X-Ray+SZ"
526,2006.664,56,-8,TS,"Sandage, A \& Tammann, G. 2006, ApJ Submitted. Astroph0608677.  Virgo TF"
527,2006.739,68,8,LC,"Oguri, M. 2007, ApJ 660. 1.  Astroph0609694."
528,2006.75,74,6,T,"Masters, K., Springob, C., Haynes, M. \& Giovanelli, R. 2006, ApJ 653, in press. astro-ph/0609249. SFI TF calibration."
529,2006.8,63,5,FS,"Dunn, L. \& Jergen, H. 2006, AJ 132, 1384.  Fornax SBF"
530,2006.853,77,5,P,"Feldmeier, J., Jacoby, G. \& Phillips, M. 2007, ApJ 657, 76.  Astroph0611231."
531,2006.917,74,4,ZC,"Cunha, J., Marassi, L. \& Lima, J.  2007, MNRAS in press. Astroph0611934."
532,2006.93,74,6,AK,"Macri, L. \etal 2006, ApJ 652, 1133.  NGC4258"
533,2007.13,49,8.5,LC,"Tortora, C. 2007, astroph0702501. Lensing estimates"
534,2007.364,76,8,A,"van Leeuwen, F., Feast, M., Whitelock, P. & Laney, C. 2007, MNRAS in press. Astroph 0705.1592."
535,2007.591,73,8,S,"Wang, X. et al. 2008, ApJ 675, 626.  astroph07080140. M100 SN200"
536,2007.708,71,4,OC,"Lima, J., Jesus, J. \& Cuhna, J. 2007 astroph0709.2195."
537,2007.72,52,3.5,LC,"Vuissoz, C. \etal 2007, A\&A 464, 845. J1650+4251   model dependent"
538,2007.903,77,7,O,"An, D., Terndrup, D. \& Pinnsoneault, M. 2007, ApJ 671, 1640. Astroph0707.3144. New Cepheid zeropoint."
539,2007.949,61,8.5,T,"Sandage, A. 2008, PASP in press. Astroph 0712.2066"
540,2008.175,70,1,CC,"Hinshaw, G. et al. 2008, WMAP 5 Year results. Astroph 0803.0732"
541,2008.177,71,1.5,CC,"Komatsu, E. et al. 2009, WMAP 5 Year resilts  arXiv0803.0547"
542,2008.833,52,4,2,"Jones, M. 2008, MSc Thesis, Universidad de Chile. arXiv0810.5538  12 SN II"
543,2009.18,62,6,LC,"Paraficz, D., Hjorth, J. \& Eliasdottir, A. 2009, arXiv0903.1027 5 SDSS Lenses"
544,2009.355,64,5,S,"Zhang, Q-J. \& Wu, Y-L. 2009, SN+BAO+SGL arXiv0905.1234"
545,2009.36,76,24.5,2,"Jones, M. et al. 2009. ApJ 696, 1176. SN II"
546,2009.45,74,4,S,"Riess, A. et al.  2009, arXiv:0905.0695"
547,2009.551,72,1,M,"Dinculescu, A. 2009, Astrophysics \& Space Science, in press. arXiv:0907.3281"
548,2010.277,63,2,AS,"Sandage, A., Reindl, B. \& Tammann, G. 2010, ApJ 714, 1441."
549,2010.281,73,4,AK,"Freedman, W. \& Madore, B. 2010, Ann. Rev 48, xx. ArXiv:1004.1856."
550,2010.689,62,5,LC,"Courbin, F. et al. 2010, A\&A in press. ArXiv:1009.1473.  HE0435-1223"
551,2012,62.3,6.3,IND,"Tammann and Reindl, 2012, Ap&SS, 341, 3."
552,2012,65,6.2,IND,"Lee and Jang, 2012, ApJL, 760, L14."
553,2012,74.3,2.1,IND,"Freedman etal. 2012, ApJ, 758, 24."
554,2012,74.3,6,IND,"Chvez etal., 2012, MNRAS, 425, L57."
555,2012,75.9,3.8,IND,"Courtois and Tully, 2012, ApJ, 749, 174."
556,2012,69.1,1.4,LCDM,"Campanelli etal., 2012, EPJC, 72, 2218."
557,2012,69.8,1.2,LCDM,"Mehta etal., 2012, MNRAS, 427, 2168."
558,2012,76.5,3.34,LCDM,"Holanda etal., 2012, GReGr, 44, 501."
559,2013,64,3.6,IND,"Tammann and Reindl, 2013, A&A, 549, A136."
560,2013,67,3.2,IND,"Colless etal., 2013, IAUS, 289, 319."
561,2013,68,9,IND,"Kuo etal., 2013, ApJ, 767, 155."
562,2013,68,4.8,IND,"Braatz etal., 2013, IAUS, 289, 255."
563,2013,68.4,6.3,IND,"Lee and Jang, 2013, ApJ, 773, 13."
564,2013,68.9,7.1,IND,"Reid etal. 2013, ApJ, 767, 154."
565,2013,72,3,IND,"Humphreys etal., 2013, ApJ, 775, 13."
566,2013,72.4,6,IND,"Di Benedetto, 2013, MNRAS, 430, 546."
567,2013,74,4,IND,"Sorce etal., 2013, ApJ, 765, 94."
568,2013,76,1.9,IND,"Fiorentino etal., 2013, MNRAS, 434, 2866."
569,2013,69,10,LCDM,"Sereno and Paraficz, 2014, MNRAS, 437, 600."
570,2013,70,2.2,LCDM,"Hinshaw etal., 2013, ApJS, 208, 19."
571,2013,71.8,15.6,LCDM,"Domnguez and Prada, 2013, ApJL, 771, L34."
572,2014,72,13,IND,"Jang and Lee, 2014, ApJ, 792, 52."
573,2014,75.2,3.3,IND,"Sorce etal., 2014, MNRAS, 444, 527."
574,2014,67.3,1.2,LCDM,"Planck Collaboration etal., 2014, A&A, 571, A16."
575,2014,68.5,3.5,LCDM,"Verde etal., 2014, PDU, 5, 307."
576,2014,74.1,2.2,LCDM,"Lima and Cunha, 2014, ApJL, 781, L38."
577,2015,68.8,3.3,IND,"Rigault etal., 2015, ApJ, 802, 20."
578,2015,69.8,3.9,IND,"Jang and Lee, 2015, ApJ, 807, 133."
579,2015,70.6,2.6,IND,"Rigault etal., 2015, ApJ, 802, 20."
580,2015,68.11,0.86,LCDM,"Cheng and Huang, 2015, SCPMA, 58, 5684."
581,2015,73.9,10.05,LCDM,"Wei etal., 2015, MNRAS, 447, 479."
582,2015,94.3,34.25,LCDM,"Wei etal., 2015, AJ, 150, 35."
583,2016,71.9,2.7,IND,"Bonvin etal. 2017, MNRAS, 465, 4914."
584,2016,73.24,1.74,IND,"Riess etal. 2016, ApJ, 826, 56."
585,2016,73.75,2.11,IND,"Cardona etal., 2017, JCAP, 2017, 056."
586,2016,64,12.5,LCDM,"Veropalumbo etal., 2016, MNRAS, 458, 1909."
587,2016,67.8,0.9,LCDM,"Planck Collaboration etal., 2016, A&A, 594, A13."
588,2016,70.1,0.34,LCDM,"Ichiki etal., 2016, PhRvD, 93, 023529."
589,2017,66.83,2.21,IND,"Wu etal., 2017, Frontiers of Physics, 12, 129801."
590,2017,67.38,4.72,IND,"Wang and Meng, 2017, SCPMA, 60, 110411."
591,2017,68.3,2.65,IND,"Chen etal., 2017, ApJ, 835, 86."
592,2017,69.13,0.24,IND,"Huang and Huang, 2017, IJMPD, 26, 1750129."
593,2017,69.3,4.2,IND,"Braatz etal., 2018, IAUS, 336, 86."
594,2017,70,10,IND,"Abbott etal., 2017, Nature, 551, 85."
595,2017,71.17,3.53,IND,"Jang and Lee, 2017, ApJ, 836, 74."
596,2017,72.5,3.87,IND,"Zhang etal., 2017, MNRAS, 471, 2254."
597,2017,73.1,5.85,IND,"Wong etal., 2017, MNRAS, 465, 4896."
598,2017,66.4,4.75,LCDM,"Melnick etal., 2017, A&A, 599, A76."
599,2017,67.6,0.5,LCDM,"Alam etal., 2017, MNRAS, 470, 2617."
600,2017,67.6,7.6,LCDM,"Cao etal., 2017, A&A, 606, A15."
601,2017,67.87,0.46,LCDM,"Chavanis and Kumar, 2017, JCAP, 2017, 018."
602,2017,69.13,2.34,LCDM,"Wang etal., 2017, ApJ, 849, 84."
603,2017,70.1,0.8,LCDM,"Wang and Meng, 2017, PDU, 18, 30."
604,2017,71.75,3.04,LCDM,"Wang etal., 2017, ApJ, 849, 84."
605,2017,74.6,2.1,LCDM,"Wang and Meng, 2017, PDU, 18, 30."
606,2018,71,4.9,IND,"Fernndez Arenas etal., 2018, MNRAS, 474, 1250."
607,2018,71.9,7.1,IND,"Cantiello etal., 2018, ApJL, 854, L31."
608,2018,72.7,2.1,IND,"Burns etal., 2018, ApJ, 869, 56."
609,2018,72.8,4.3,IND,"Dhawan etal., 2018, A&A, 609, A72."
610,2018,73.15,1.78,IND,"Feeney etal., 2018, MNRAS, 476, 3861."
611,2018,73.2,2.3,IND,"Burns etal., 2018, ApJ, 869, 56."
612,2018,73.3,1.7,IND,"Follin and Knox, 2018, MNRAS, 477, 4534."
613,2018,73.48,1.66,IND,"Riess etal., 2018, ApJ, 855, 136."
614,2018,64,10,LCDM,"Vega-Ferrero etal., 2018, ApJL, 853, L31."
615,2018,66.98,1.18,LCDM,"Addison etal., 2018, ApJ, 853, 119."
616,2018,68,2.2,LCDM,"da Silva and Cavalcanti, 2018, BrJPh, 48, 521."
617,2018,69.4,0.6,LCDM,"Burenin, 2018, AstL, 44, 653."
618,2018,72.8,4.2,LCDM,"Grillo etal., 2018, ApJ, 860, 94."
619,2018,73.5,4.65,LCDM,"Grillo etal., 2018, ApJ, 860, 94."
620,2019,69.8,2.5,IND,"Freedman etal., 2019, ApJ, 882, 34."
621,2019,70.3,5.15,IND,"Hotokezaka etal., 2019, NatAs, 3, 940."
622,2019,71.1,1.9,IND,"Reid etal., 2019, ApJL, 886, L27."
623,2019,72.2,2.1,IND,"Liao etal., 2019, ApJL, 886, L23."
624,2019,72.4,2,IND,"Yuan etal., 2019, ApJ, 886, 61."
625,2019,73.5,1.4,IND,"Reid etal., 2019, ApJL, 886, L27."
626,2019,74.03,1.42,IND,"Riess etal., 2019, ApJ, 876, 85."
627,2019,76,16,IND,"Fishbach etal., 2019, ApJL, 871, L13."
628,2019,77,27.5,IND,"Fishbach etal., 2019, ApJL, 871, L13."
629,2019,78,60,IND,"Soares-Santos etal., 2019, ApJL, 876, L7."
630,2019,64.9,4.45,LCDM,"Zeng and Yan, 2019, ApJ, 882, 87."
631,2019,66.6,1.6,LCDM,"Domnguez etal., 2019, ApJ, 885, 137."
632,2019,67,3,LCDM,"Kozmanyan etal., 2019, A&A, 621, A34."
633,2019,67.4,6.1,LCDM,"Domnguez etal., 2019, ApJ, 885, 137."
634,2019,67.6,1.1,LCDM,"Cuceu etal., 2019, JCAP, 2019, 044."
635,2019,67.78,1.54,LCDM,"Zhang etal., 2019, MNRAS, 483, 1655."
636,2019,68.36,0.53,LCDM,"Zhang and Huang, 2019, CoTPh, 71, 826."
637,2019,68.44,0.7,LCDM,"Ryane etal., 2019, MNRAS, 488, 3844."
638,2019,68.8,5.25,LCDM,"Birrer etal., 2019, MNRAS, 484, 4726."
639,2019,69,1.7,LCDM,"Park and Ratra, 2019, Ap&SS, 364, 134."
640,2019,69.3,2.7,LCDM,"Jimenez etal., 2019, JCAP, 2019, 043."
641,2019,69.4,2,LCDM,"Li etal., 2019, CoTPh, 71, 421."
642,2019,71,2.8,LCDM,"Jimenez etal., 2019, JCAP, 2019, 043."
643,2019,72.9,2.2,LCDM,"Taubenberger etal., 2019, A&A, 628, L7."
644,2019,73.1,2.15,LCDM,"Taubenberger etal., 2019, A&A, 628, L7."
645,2019,74.2,2.95,LCDM,"Collett etal., 2019, PhRvL, 123, 231102."
646,2019,76.8,2.6,LCDM,"Chen etal., 2019, MNRAS, 490,"
647,2019,82.4,8.35,LCDM,"Jee etal., 2019, Science, 365, 1134."
648,2020,64.8,7.25,IND,"Howlett and Davi, 2020, MNRAS, 492, 3803."
649,2020,65.8,5.9,IND,"Kim etal., 2020, ApJ, 905, 104."
650,2020,66.2,4.3,IND,"Dietrich etal., 2020, Science, 370, 1450."
651,2020,66.8,11.3,IND,"Howlett and Davi, 2020, MNRAS, 492, 3803."
652,2020,67.46,4.75,IND,"Yang and Gong, 2020, JCAP, 2020, 059."
653,2020,68.6,11.25,IND,"Nicolaou etal., 2020, MNRAS, 495, 90."
654,2020,69,21.5,IND,"Vasylyev and Filippenko, 2020, ApJ, 902, 149."
655,2020,69.6,1.9,IND,"Freedman etal., 2020, ApJ, 891, 57."
656,2020,70,23.5,IND,"Vasylyev and Filippenko, 2020, ApJ, 902, 149."
657,2020,70,9,IND,"Qi and Zhang, 2020, ChPhC, 44, 055101."
658,2020,70.4,1,IND,"Antipova etal., 2020, AstBu, 75, 93."
659,2020,71.5,11.25,IND,"Wang etal., 2020, NatAs, 4, 517."
660,2020,72.4,7.6,IND,"Dhawan etal., 2020, ApJ, 888, 67."
661,2020,72.8,3.8,IND,"Breuval etal., 2020, A&A, 643, A115."
662,2020,72.8,1.65,IND,"Liao etal., 2020, ApJL, 895, L29."
663,2020,73,3.8,IND,"Breuval etal., 2020, A&A, 643, A115."
664,2020,73.3,4,IND,"Huang etal., 2020, ApJ, 889, 5."
665,2020,73.8,6.05,IND,"Coughlin etal., 2020, NatCo, 11, 4129."
666,2020,73.9,3,IND,"Pesce etal., 2020, ApJL, 891, L1."
667,2020,75.1,3.8,IND,"Schombert etal., 2020, AJ, 160, 71."
668,2020,75.1,3.2,IND,"Kourkchi etal., 2020, ApJ, 902, 145."
669,2020,75.35,1.68,IND,"Camarena and Marra, 2020, PhRvR, 2, 013028."
670,2020,75.8,5.05,IND,"de Jaeger etal., 2020, MNRAS, 496, 3403."
671,2020,79,19,IND,"Coughlin etal., 2020, PhRvR, 2, 022006."
672,2020,85,19.5,IND,"Coughlin etal., 2020, PhRvR, 2, 022007."
673,2020,109,42,IND,"Coughlin etal., 2020, PhRvR, 2, 022008."
674,2020,65.9,1.5,LCDM,"Holanda etal., 2020, JCAP, 2020, 053."
675,2020,67.4,3.65,LCDM,"Birrer etal., 2020, A&A, 643, A165."
676,2020,67.4,0.5,LCDM,"Planck Collaboration etal., 2020, A&A, 641, A6."
677,2020,67.6,1.1,LCDM,"Aiola etal., 2020, JCAP, 2020, 047."
678,2020,67.8,0.7,LCDM,"Philcox etal., 2020, JCAP, 2020, 032."
679,2020,67.9,1.5,LCDM,"Aiola etal., 2020, JCAP, 2020, 047."
680,2020,67.9,1.1,LCDM,"Ivanov etal., 2020, JCAP, 2020, 042."
681,2020,67.95,0.91,LCDM,"Zhang and Huang, 2020, SCPMA, 63, 290402."
682,2020,68.4,0.58,LCDM,"Wang and Huang, 2020, JCAP, 2020, 045."
683,2020,68.5,2.2,LCDM,"dAmico etal., 2020, JCAP, 2020, 005."
684,2020,68.6,1.1,LCDM,"Philcox etal., 2020, JCAP, 2020, 032."
685,2020,68.7,1.5,LCDM,"Colas etal., 2020, JCAP, 2020, 001."
686,2020,69,1.2,LCDM,"Nadathur etal., 2020, PhRvL, 124, 221301."
687,2020,69.06,0.63,LCDM,"Cao etal., 2020, MNRAS, 497, 3191."
688,2020,69.6,1.8,LCDM,"Pogosian etal., 2020, ApJL, 904, L17."
689,2020,69.71,1.28,LCDM,"Camarena and Marra, 2020, MNRAS, 495, 2630."
690,2020,69.72,1.63,LCDM,"Wang and Huang, 2020, JCAP, 2020, 045."
691,2020,71.6,4.35,LCDM,"Rusu etal., 2020, MNRAS, 498, 1440."
692,2020,72.3,1.9,LCDM,"Nadathur etal., 2020, PhRvL, 124, 221301."
693,2020,73.5,5.3,LCDM,"Baxter and Sherwin, 2021, MNRAS, 501, 1823."
694,2020,73.65,2.11,LCDM,"Yang etal., 2020, MNRAS, 497, L56."
695,2020,74,1.75,LCDM,"Millon etal., 2020, A&A, 639, A101."
696,2020,74.2,1.6,LCDM,"Millon etal., 2020, A&A, 639, A102."
697,2020,74.2,2.85,LCDM,"Shajib etal., 2020, MNRAS, 494, 6072."
698,2020,74.3,1.9,LCDM,"Wei and Melia, 2020, ApJ, 897, 127."
699,2020,74.36,1.42,LCDM,"Camarena and Marra, 2020, MNRAS, 495, 2630."
700,2020,74.5,5.85,LCDM,"Birrer etal., 2020, A&A, 643, A165."
701,2020,75.32,1.68,LCDM,"Camarena and Marra, 2020, MNRAS, 495, 2630."
702,2020,75.36,1.68,LCDM,"Camarena and Marra, 2020, MNRAS, 495, 2630."
703,2021,65,22.5,IND,"GRAVITY Collaboration etal., 2021, A&A, 654, A85."
704,2021,67.4,4.8,IND,"Sun W., Jiao K., Zhang T.-J., 2021, ApJ, 915, 123."
705,2021,68.3,4.55,IND,"Mukherjee etal., 2021, A&A, 646, A65."
706,2021,68.6,11.75,IND,"Baklanov etal., 2021, ApJ, 907, 35."
707,2021,68.8,35.6,IND,"Gayathri etal., 2021, ApJL, 908, L34."
708,2021,69,12,IND,"Abbott etal., 2021, ApJ, 909, 218."
709,2021,69.5,4,IND,"Wang and Giannios, 2021, ApJ, 908, 200."
710,2021,69.8,2.2,IND,"Freedman, 2021, ApJ, 919, 16."
711,2021,70.5,5.75,IND,"Khetan etal., 2021, A&A, 647, A72."
712,2021,71.8,3.6,IND,"Denzel etal., 2021, MNRAS, 501, 784."
713,2021,72.1,2,IND,"Soltis etal., 2021, ApJL, 908, L5."
714,2021,73.2,1.3,IND,"Riess etal., 2021, ApJL, 908, L6."
715,2021,73.3,3.1,IND,"Blakeslee etal., 2021, ApJ, 911, 65."
716,2021,73.78,0.84,IND,"Bonilla etal., 2021, EPJC, 81, 127."
717,2021,65.1,4.2,LCDM,"Philcox etal., 2021, PhRvD, 103, 023538."
718,2021,65.6,4.45,LCDM,"Philcox etal., 2021, PhRvD, 103, 023538."
719,2021,67.3,17.3,LCDM,"Wan etal., 2021, MNRAS, 504, 1062."
720,2021,67.4,0.9,LCDM,"Hall, 2021, MNRAS, 505, 4935."
721,2021,67.49,0.53,LCDM,"Balkenhol etal., 2021, PhRvD, 104, 083509."
722,2021,68.02,1.82,LCDM,"Zhang X., Huang Q.-G., 2021, PhRvD, 103, 043513."
723,2021,68.18,0.79,LCDM,"Alam etal., 2021, PhRvD, 103, 083533."
724,2021,68.58,1.76,LCDM,"Zhang X., Huang Q.-G., 2021, PhRvD, 103, 043514."
725,2021,68.63,1.76,LCDM,"Zhang and Huang, 2021, PhRvD, 103, 043513."
726,2021,68.8,1.8,LCDM,"Cao etal., 2021, MNRAS, 504, 300."
727,2021,68.8,1.5,LCDM,"Dutcher etal., 2021, PhRvD, 104, 022003."
728,2021,68.9,1.05,LCDM,"Ivanov, 2021, PhRvD, 104, 103514."
729,2021,69.3,1.2,LCDM,"Cao etal., 2021, MNRAS, 501, 1520."
730,2021,70,2.7,LCDM,"Addison, 2021, ApJL, 912, L1."
731,2021,70.6,3.7,LCDM,"Philcox etal., 2021, PhRvD, 103, 023538."
732,2021,72.4,4.35,LCDM,"Addison, 2021, ApJL, 912, L1."
733,2021,73.1,3.6,LCDM,"Addison, 2021, ApJL, 912, L1."
734,2021,73.6,1.7,LCDM,"Qi etal., 2021, MNRAS, 503, 2179."
735,2021,84.5,6.4,LCDM,"Ivanov, 2021, PhRvD, 104, 103514."
736,2022,65.9,2.95,IND,"Zhang etal., 2022, ApJ, 936, 21."
737,2022,68.1,2.6,IND,"Mrtsell etal., 2022, ApJ, 935, 58."
738,2022,68.1,3.5,IND,"Mrtsell etal., 2022, ApJ, 933, 212."
739,2022,68.8,11.85,IND,"Gray etal., 2022, MNRAS, 512, 1127."
740,2022,68.8,3.65,IND,"Benndorf etal., 2022, EPJC, 82, 457."
741,2022,71.5,1.8,IND,"Anand etal., 2022, ApJ, 932, 16."
742,2022,71.9,2.2,IND,"Mrtsell etal., 2022, ApJ, 933, 212."
743,2022,72.19,5.74,IND,"Gallego-Cano etal., 2022, A&A, 666, A13."
744,2022,72.24,2.63,IND,"Liu etal., 2022, ApJ, 939, 37."
745,2022,72.45,1.99,IND,"Liu etal., 2022, ApJ, 939, 38."
746,2022,72.9,2.3,IND,"Kenworthy etal., 2022, ApJ, 935, 83."
747,2022,73.01,0.99,IND,"Riess etal., 2022, ApJ, 938, 36."
748,2022,73.04,1.04,IND,"Riess etal., 2022, ApJL, 934, L7."
749,2022,73.15,0.97,IND,"Riess etal., 2022, ApJ, 938, 36."
750,2022,73.2,1.3,IND,"Mrtsell etal., 2022, ApJ, 933, 212."
751,2022,73.9,1.8,IND,"Mrtsell etal., 2022, ApJ, 933, 212."
752,2022,75.5,2.5,IND,"Kourkchi etal., 2022, MNRAS, 511, 6160."
753,2022,76.7,2,IND,"Mrtsell etal., 2022, ApJ, 933, 212."
754,2022,76.94,6.4,IND,"Dhawan etal., 2022, ApJ, 934, 185."
755,2022,62.3,9.1,LCDM,"Hagstotz etal., 2022, MNRAS, 511, 662."
756,2022,64.8,2.35,LCDM,"Philcox etal., 2022, PhRvD, 106, 063530."
757,2022,67.1,2.7,LCDM,"Philcox etal., 2022, PhRvD, 106, 063530."
758,2022,68.19,0.99,LCDM,"Zhang et al, 2022, JCAP, 2022, 036."
759,2022,68.3,0.45,LCDM,"Schneberg etal., 2022, JCAP, 2022, 039."
760,2022,68.81,4.66,LCDM,"Wu etal., 2022, MNRAS, 515, L1."
761,2022,69.1,0.14,LCDM,"Zhang and Cai, 2022, JCAP, 2022, 031."
762,2022,69.5,3.25,LCDM,"Farren etal., 2022, PhRvD, 105, 063503."
763,2022,69.7,1.2,LCDM,"Cao and Ratra, 2022, MNRAS, 513, 5686."
764,2022,69.7,1.2,LCDM,"Cao etal., 2022, MNRAS, 509, 4745."
765,2022,73,10,LCDM,"James etal., 2022, MNRAS, 516, 4862."
766,2022,73.42,1.79,LCDM,"Liu etal., 2022, A&A, 668, A51."